window,n_iter,mean_m,std_m,rmse_m,p95_m,max_m,final_cost,n_iter_actually_used
2,1,8.6155,6.3379,10.6827,20.6433,35.6526,3.059714e-27,1
2,2,8.6155,6.3379,10.6827,20.6433,35.6526,0.000000e+00,2
2,3,8.6155,6.3379,10.6827,20.6433,35.6526,0.000000e+00,3
2,5,8.6155,6.3379,10.6827,20.6433,35.6526,0.000000e+00,5
2,10,8.6155,6.3379,10.6827,20.6433,35.6526,0.000000e+00,10
2,20,8.6155,6.3379,10.6827,20.6433,35.6526,0.000000e+00,20
5,1,6.7743,4.4512,8.0974,15.6663,24.1365,2.275804e+01,1
5,2,6.7743,4.4512,8.0974,15.6663,24.1365,2.275804e+01,2
5,3,6.7743,4.4512,8.0974,15.6663,24.1365,2.275804e+01,3
5,5,6.7743,4.4512,8.0974,15.6663,24.1365,2.275804e+01,5
5,10,6.7743,4.4512,8.0974,15.6663,24.1365,2.275804e+01,10
5,20,6.7743,4.4512,8.0974,15.6663,24.1365,2.275804e+01,20
10,1,5.3180,3.3337,6.2704,10.5457,19.9772,4.042384e+01,1
10,2,5.3180,3.3337,6.2704,10.5457,19.9772,4.042384e+01,2
10,3,5.3180,3.3337,6.2704,10.5457,19.9772,4.042384e+01,3
10,5,5.3180,3.3337,6.2704,10.5457,19.9772,4.042384e+01,5
10,10,5.3180,3.3337,6.2704,10.5457,19.9772,4.042384e+01,10
10,20,5.3180,3.3337,6.2704,10.5457,19.9772,4.042384e+01,20
30,1,4.7159,3.1353,5.6571,10.4910,17.4849,8.267375e+01,1
30,2,4.7159,3.1353,5.6571,10.4910,17.4849,8.267375e+01,2
30,3,4.7159,3.1353,5.6571,10.4910,17.4849,8.267375e+01,3
30,5,4.7159,3.1353,5.6571,10.4910,17.4849,8.267375e+01,5
30,10,4.7159,3.1353,5.6571,10.4910,17.4849,8.267375e+01,10
30,20,4.7159,3.1353,5.6571,10.4910,17.4849,8.267375e+01,20
