window,mean_m,mean_std_across_seeds,std_m,rmse_m,p95_m
1,9.6717,0.6292,7.2808,12.0941,26.4329
2,9.6717,0.6292,7.2808,12.0941,26.4329
3,9.1259,0.7730,6.3159,11.0882,22.1041
5,7.8838,0.7520,5.2813,9.4797,18.6907
8,6.9269,0.8551,4.3296,8.1618,14.5554
10,6.3908,0.7025,4.1526,7.6170,14.3529
15,5.9730,0.6236,3.9886,7.1782,13.6777
20,5.9012,0.6546,3.9915,7.1190,13.7032
30,5.6690,0.6368,3.8263,6.8336,12.9013
50,5.4131,0.6168,3.7278,6.5673,12.6211
80,4.9045,0.5337,3.4362,5.9879,11.2100
150,4.0310,0.5105,2.4137,4.6971,8.7121
