noise_model,kernel,n_iter,mean_m,rmse_m,max_m,final_cost
student_t3,l2,1,3.3983,4.2034,17.6115,2.332080e+01
student_t3,l2,2,3.3983,4.2034,17.6115,2.332080e+01
student_t3,l2,3,3.3983,4.2034,17.6115,2.332080e+01
student_t3,l2,5,3.3983,4.2034,17.6115,2.332080e+01
student_t3,l2,8,3.3983,4.2034,17.6115,2.332080e+01
student_t3,l2,12,3.3983,4.2034,17.6115,2.332080e+01
student_t3,l2,20,3.3983,4.2034,17.6115,2.332080e+01
student_t3,l2,30,3.3983,4.2034,17.6115,2.332080e+01
student_t3,huber,1,3.1554,3.7565,13.2257,2.332730e+01
student_t3,huber,2,3.2402,3.9049,15.0061,2.332080e+01
student_t3,huber,3,3.2591,3.9427,15.4626,2.332080e+01
student_t3,huber,5,3.2678,3.9610,15.6332,2.332080e+01
student_t3,huber,8,3.2694,3.9642,15.6501,2.332080e+01
student_t3,huber,12,3.2696,3.9645,15.6507,2.332080e+01
student_t3,huber,20,3.2696,3.9645,15.6507,2.332080e+01
student_t3,huber,30,3.2696,3.9645,15.6507,2.332080e+01
student_t3,cauchy,1,2.8977,3.3610,9.7866,1.702484e+01
student_t3,cauchy,2,3.0346,3.5601,11.3935,1.700150e+01
student_t3,cauchy,3,3.0792,3.6277,11.9495,1.700634e+01
student_t3,cauchy,5,3.1033,3.6650,12.2029,1.701059e+01
student_t3,cauchy,8,3.1087,3.6738,12.2359,1.701134e+01
student_t3,cauchy,12,3.1095,3.6753,12.2374,1.701138e+01
student_t3,cauchy,20,3.1096,3.6755,12.2375,1.701138e+01
student_t3,cauchy,30,3.1096,3.6755,12.2375,1.701138e+01
gaussian,l2,1,4.8865,5.7920,17.4115,5.492687e+01
gaussian,l2,2,4.8865,5.7920,17.4115,5.492687e+01
gaussian,l2,3,4.8865,5.7920,17.4115,5.492687e+01
gaussian,l2,5,4.8865,5.7920,17.4115,5.492687e+01
gaussian,l2,8,4.8865,5.7920,17.4115,5.492687e+01
gaussian,l2,12,4.8865,5.7920,17.4115,5.492687e+01
gaussian,l2,20,4.8865,5.7920,17.4115,5.492687e+01
gaussian,l2,30,4.8865,5.7920,17.4115,5.492687e+01
gaussian,huber,1,4.3997,5.0741,13.1418,3.910294e+01
gaussian,huber,2,4.4731,5.2089,13.8666,3.840522e+01
gaussian,huber,3,4.4904,5.2372,14.0458,3.838985e+01
gaussian,huber,5,4.4974,5.2474,14.1059,3.838885e+01
gaussian,huber,8,4.4984,5.2486,14.1106,3.838885e+01
gaussian,huber,12,4.4985,5.2487,14.1107,3.838885e+01
gaussian,huber,20,4.4985,5.2487,14.1107,3.838885e+01
gaussian,huber,30,4.4985,5.2487,14.1107,3.838885e+01
gaussian,cauchy,1,3.8035,4.3527,9.6890,2.217973e+01
gaussian,cauchy,2,3.9718,4.5902,10.4654,2.220663e+01
gaussian,cauchy,3,4.0296,4.6809,10.9214,2.224069e+01
gaussian,cauchy,5,4.0687,4.7468,11.3684,2.226281e+01
gaussian,cauchy,8,4.0831,4.7727,12.0268,2.226694e+01
gaussian,cauchy,12,4.0870,4.7804,12.3006,2.226721e+01
gaussian,cauchy,20,4.0880,4.7823,12.3832,2.226722e+01
gaussian,cauchy,30,4.0880,4.7824,12.3880,2.226722e+01
