noise_model,outlier,true_sigma_m,estimator,window,mean_m,rmse_m,p95_m,max_m,cat_rate_gt15m,paired_gain_vs_L2_m,paired_win_seeds
gaussian,False,6.000,EKF,0,4.5629,,,,,,
gaussian,False,6.000,L2,2,7.4889,8.3839,14.3602,18.9848,0.0333,,
gaussian,False,6.000,huber,2,7.4889,8.3839,14.3602,18.9848,0.0333,-0.0000,0/6
gaussian,False,6.000,cauchy,2,7.4889,8.3839,14.3602,18.9848,0.0333,-0.0000,0/6
gaussian,False,6.000,L2,3,6.8109,7.6828,13.0245,18.3572,0.0230,,
gaussian,False,6.000,huber,3,6.7399,7.6012,12.8143,18.2787,0.0218,0.0711,6/6
gaussian,False,6.000,cauchy,3,6.7625,7.6249,13.1318,18.4022,0.0195,0.0484,4/6
gaussian,False,6.000,L2,10,4.4366,5.0454,8.6027,12.5240,0.0000,,
gaussian,False,6.000,huber,10,4.4165,5.0277,8.6334,12.4384,0.0000,0.0201,3/6
gaussian,False,6.000,cauchy,10,4.2959,4.8804,8.3483,11.7801,0.0000,0.1407,6/6
gaussian,False,6.000,L2,20,4.0265,4.6071,8.0814,11.6923,0.0000,,
gaussian,False,6.000,huber,20,4.0006,4.5771,7.9654,11.5962,0.0000,0.0258,4/6
gaussian,False,6.000,cauchy,20,3.8193,4.3527,7.6432,10.7865,0.0000,0.2071,6/6
laplace,False,6.000,EKF,0,4.2196,,,,,,
laplace,False,6.000,L2,2,6.6868,8.1516,16.0056,23.6859,0.0736,,
laplace,False,6.000,huber,2,6.6868,8.1516,16.0056,23.6859,0.0736,-0.0000,0/6
laplace,False,6.000,cauchy,2,6.6868,8.1516,16.0056,23.6859,0.0736,-0.0000,0/6
laplace,False,6.000,L2,3,6.1749,7.4416,14.3051,21.1565,0.0414,,
laplace,False,6.000,huber,3,6.1051,7.3743,14.2606,21.0642,0.0414,0.0698,6/6
laplace,False,6.000,cauchy,3,6.0085,7.2823,14.0869,21.0360,0.0425,0.1664,6/6
laplace,False,6.000,L2,10,4.1992,4.8872,9.1603,12.3614,0.0000,,
laplace,False,6.000,huber,10,4.0822,4.7355,8.6947,12.3588,0.0000,0.1170,5/6
laplace,False,6.000,cauchy,10,3.7261,4.3475,7.9163,11.6610,0.0000,0.4731,6/6
laplace,False,6.000,L2,20,3.8208,4.4921,8.3792,11.5436,0.0000,,
laplace,False,6.000,huber,20,3.6981,4.3283,7.8750,11.3891,0.0000,0.1227,5/6
laplace,False,6.000,cauchy,20,3.3287,3.8949,7.0389,10.4140,0.0000,0.4920,6/6
student_t3,False,6.000,EKF,0,3.9673,,,,,,
student_t3,False,6.000,L2,2,6.2387,7.9967,14.9543,34.4408,0.0471,,
student_t3,False,6.000,huber,2,6.2387,7.9967,14.9543,34.4408,0.0471,-0.0000,0/6
student_t3,False,6.000,cauchy,2,6.2387,7.9967,14.9543,34.4408,0.0471,-0.0000,1/6
student_t3,False,6.000,L2,3,5.9020,7.3304,13.1370,29.8579,0.0402,,
student_t3,False,6.000,huber,3,5.8126,7.2401,13.0968,31.0396,0.0379,0.0894,6/6
student_t3,False,6.000,cauchy,3,5.7108,7.1358,13.2657,30.4867,0.0322,0.1911,6/6
student_t3,False,6.000,L2,10,3.9664,4.7113,8.6505,14.6852,0.0023,,
student_t3,False,6.000,huber,10,3.7017,4.2803,7.5323,11.7696,0.0000,0.2647,6/6
student_t3,False,6.000,cauchy,10,3.3662,3.8596,6.8175,9.8297,0.0000,0.6002,6/6
student_t3,False,6.000,L2,20,3.5652,4.3081,8.0389,14.3109,0.0023,,
student_t3,False,6.000,huber,20,3.3139,3.8694,6.8805,11.3302,0.0000,0.2513,6/6
student_t3,False,6.000,cauchy,20,2.9754,3.4225,6.0923,8.9932,0.0000,0.5898,6/6
contaminated,False,6.000,EKF,0,4.3972,,,,,,
contaminated,False,6.000,L2,2,7.0343,8.6991,16.4150,33.6641,0.0575,,
contaminated,False,6.000,huber,2,7.0343,8.6991,16.4150,33.6641,0.0575,-0.0000,0/6
contaminated,False,6.000,cauchy,2,7.0343,8.6991,16.4150,33.6641,0.0575,-0.0000,2/6
contaminated,False,6.000,L2,3,6.5273,7.9477,14.6507,30.2107,0.0483,,
contaminated,False,6.000,huber,3,6.4425,7.8931,14.3423,30.7125,0.0414,0.0848,6/6
contaminated,False,6.000,cauchy,3,6.3070,7.6909,13.8308,29.7423,0.0391,0.2203,6/6
contaminated,False,6.000,L2,10,4.4486,5.3127,9.9816,16.4309,0.0138,,
contaminated,False,6.000,huber,10,4.1081,4.7767,8.6209,12.9148,0.0011,0.3406,6/6
contaminated,False,6.000,cauchy,10,3.7323,4.2915,7.7937,10.5412,0.0000,0.7163,6/6
contaminated,False,6.000,L2,20,3.9807,4.7526,8.7774,15.6041,0.0069,,
contaminated,False,6.000,huber,20,3.6424,4.2553,7.6456,12.2859,0.0011,0.3383,6/6
contaminated,False,6.000,cauchy,20,3.2396,3.7597,6.8508,10.0457,0.0000,0.7411,6/6
gaussian,True,8.573,EKF,0,6.6386,,,,,,
gaussian,True,8.573,L2,2,9.8984,12.3949,27.1243,37.4384,0.1575,,
gaussian,True,8.573,huber,2,9.8984,12.3949,27.1243,37.4384,0.1575,-0.0000,0/6
gaussian,True,8.573,cauchy,2,9.8984,12.3949,27.1243,37.4384,0.1575,-0.0000,1/6
gaussian,True,8.573,L2,3,9.3548,11.4044,23.0703,36.4727,0.1448,,
gaussian,True,8.573,huber,3,9.2235,11.3235,23.2237,36.5507,0.1460,0.1313,6/6
gaussian,True,8.573,cauchy,3,9.0577,11.1904,23.5684,36.2422,0.1379,0.2971,6/6
gaussian,True,8.573,L2,10,6.5044,7.7795,14.6655,23.3753,0.0506,,
gaussian,True,8.573,huber,10,5.7715,6.9135,13.2002,20.4822,0.0356,0.7329,6/6
gaussian,True,8.573,cauchy,10,5.2331,6.2372,11.4406,19.1852,0.0184,1.2713,6/6
gaussian,True,8.573,L2,20,5.9930,7.2707,13.9665,22.0372,0.0437,,
gaussian,True,8.573,huber,20,5.2270,6.2933,12.0110,18.3999,0.0218,0.7660,6/6
gaussian,True,8.573,cauchy,20,4.4906,5.2867,9.5618,14.9063,0.0080,1.5025,6/6
