noise_model,kernel,n_iter,mean_m,std_across_seeds,rmse_m,p95_m,max_m,cat_rate_gt15m
student_t3,L2（无 kernel）,1,3.4805,0.4151,4.2381,7.8389,14.9255,0.0034
student_t3,L2（无 kernel）,2,3.4805,0.4151,4.2381,7.8389,14.9255,0.0034
student_t3,L2（无 kernel）,3,3.4805,0.4151,4.2381,7.8389,14.9255,0.0034
student_t3,L2（无 kernel）,5,3.4805,0.4151,4.2381,7.8389,14.9255,0.0034
student_t3,L2（无 kernel）,8,3.4805,0.4151,4.2381,7.8389,14.9255,0.0034
student_t3,L2（无 kernel）,12,3.4805,0.4151,4.2381,7.8389,14.9255,0.0034
student_t3,L2（无 kernel）,20,3.4805,0.4151,4.2381,7.8389,14.9255,0.0034
student_t3,L2（无 kernel）,30,3.4805,0.4151,4.2381,7.8389,14.9255,0.0034
student_t3,Huber,1,3.2287,0.3240,3.7882,6.8113,11.3456,0.0000
student_t3,Huber,2,3.2851,0.3351,3.8835,6.8639,12.5011,0.0017
student_t3,Huber,3,3.2964,0.3376,3.9051,6.8980,12.8210,0.0034
student_t3,Huber,5,3.3009,0.3384,3.9143,6.9188,12.9505,0.0034
student_t3,Huber,8,3.3016,0.3384,3.9156,6.9500,12.9653,0.0034
student_t3,Huber,12,3.3016,0.3384,3.9157,6.9500,12.9658,0.0034
student_t3,Huber,20,3.3016,0.3384,3.9157,6.9500,12.9659,0.0034
student_t3,Huber,30,3.3016,0.3384,3.9157,6.9500,12.9659,0.0034
student_t3,Cauchy,1,2.9033,0.2149,3.3519,5.9804,8.7814,0.0000
student_t3,Cauchy,2,3.0032,0.2328,3.4842,6.1948,9.6131,0.0000
student_t3,Cauchy,3,3.0297,0.2390,3.5209,6.3049,9.8580,0.0000
student_t3,Cauchy,5,3.0417,0.2420,3.5382,6.3508,9.9677,0.0000
student_t3,Cauchy,8,3.0439,0.2425,3.5415,6.3534,9.9841,0.0000
student_t3,Cauchy,12,3.0442,0.2426,3.5419,6.3534,9.9851,0.0000
student_t3,Cauchy,20,3.0442,0.2426,3.5420,6.3534,9.9852,0.0000
student_t3,Cauchy,30,3.0442,0.2426,3.5420,6.3534,9.9852,0.0000
gaussian,L2（无 kernel）,1,5.8433,0.7409,6.9873,13.3166,20.1928,0.0362
gaussian,L2（无 kernel）,2,5.8433,0.7409,6.9873,13.3166,20.1928,0.0362
gaussian,L2（无 kernel）,3,5.8433,0.7409,6.9873,13.3166,20.1928,0.0362
gaussian,L2（无 kernel）,5,5.8433,0.7409,6.9873,13.3166,20.1928,0.0362
gaussian,L2（无 kernel）,8,5.8433,0.7409,6.9873,13.3166,20.1928,0.0362
gaussian,L2（无 kernel）,12,5.8433,0.7409,6.9873,13.3166,20.1928,0.0362
gaussian,L2（无 kernel）,20,5.8433,0.7409,6.9873,13.3166,20.1928,0.0362
gaussian,L2（无 kernel）,30,5.8433,0.7409,6.9873,13.3166,20.1928,0.0362
gaussian,Huber,1,5.1257,0.6184,6.0391,11.2650,16.6042,0.0121
gaussian,Huber,2,5.2353,0.6361,6.2381,11.5236,18.3405,0.0224
gaussian,Huber,3,5.2633,0.6437,6.2956,11.6509,18.9627,0.0224
gaussian,Huber,5,5.2757,0.6487,6.3236,11.6845,19.2598,0.0259
gaussian,Huber,8,5.2786,0.6504,6.3301,11.6889,19.3488,0.0276
gaussian,Huber,12,5.2792,0.6507,6.3314,11.6893,19.3635,0.0276
gaussian,Huber,20,5.2793,0.6508,6.3317,11.6893,19.3651,0.0276
gaussian,Huber,30,5.2793,0.6508,6.3317,11.6893,19.3652,0.0276
gaussian,Cauchy,1,4.4498,0.4721,5.0990,9.2169,12.1990,0.0017
gaussian,Cauchy,2,4.6475,0.4935,5.3840,10.0300,13.8117,0.0034
gaussian,Cauchy,3,4.7164,0.5042,5.4934,10.4293,15.0930,0.0052
gaussian,Cauchy,5,4.7675,0.5176,5.5895,10.5243,16.5155,0.0121
gaussian,Cauchy,8,4.7934,0.5300,5.6539,10.5663,17.6859,0.0138
gaussian,Cauchy,12,4.8047,0.5365,5.6878,10.5741,18.2819,0.0138
gaussian,Cauchy,20,4.8092,0.5387,5.7019,10.5750,18.5397,0.0138
gaussian,Cauchy,30,4.8097,0.5389,5.7035,10.5751,18.5773,0.0138
