noise_model,outlier,true_sigma_m,estimator,window,mean_m,rmse_m,p95_m,max_m,cat_rate_gt15m,n_iter_used
gaussian,False,6.000,EKF,0,4.5629,5.1504,8.8741,12.7042,0.0000,1.0
gaussian,False,6.000,L2（无 kernel）,2,7.4889,8.3839,14.3602,18.9848,0.0333,1.99
gaussian,False,6.000,L2（无 kernel）,3,6.8109,7.6828,13.0245,18.3572,0.0230,1.99
gaussian,False,6.000,L2（无 kernel）,10,4.4366,5.0454,8.6027,12.5240,0.0000,1.99
gaussian,False,6.000,L2（无 kernel）,20,4.0265,4.6071,8.0814,11.6923,0.0000,1.99
gaussian,False,6.000,Huber,2,7.4889,8.3839,14.3602,18.9848,0.0333,1.99
gaussian,False,6.000,Huber,3,6.8185,7.6875,13.0323,18.3572,0.0230,2.96
gaussian,False,6.000,Huber,10,4.4533,5.0628,8.6187,12.5319,0.0000,7.35
gaussian,False,6.000,Huber,20,4.0378,4.6158,8.0482,11.7262,0.0000,10.20
gaussian,False,6.000,Cauchy,2,7.4889,8.3839,14.3602,18.9848,0.0333,1.99
gaussian,False,6.000,Cauchy,3,6.9115,7.7644,13.1773,18.3375,0.0264,13.08
gaussian,False,6.000,Cauchy,10,4.6143,5.2318,8.9455,12.8491,0.0000,14.78
gaussian,False,6.000,Cauchy,20,4.0327,4.6023,8.0463,11.7919,0.0000,14.80
laplace,False,6.000,EKF,0,4.2196,4.9584,9.0564,14.2904,0.0034,1.0
laplace,False,6.000,L2（无 kernel）,2,6.6868,8.1516,16.0056,23.6859,0.0736,1.99
laplace,False,6.000,L2（无 kernel）,3,6.1749,7.4416,14.3051,21.1565,0.0414,1.99
laplace,False,6.000,L2（无 kernel）,10,4.1992,4.8872,9.1603,12.3614,0.0000,1.99
laplace,False,6.000,L2（无 kernel）,20,3.8208,4.4921,8.3792,11.5436,0.0000,1.99
laplace,False,6.000,Huber,2,6.6868,8.1516,16.0056,23.6859,0.0736,1.99
laplace,False,6.000,Huber,3,6.1701,7.4374,14.3060,21.2187,0.0425,3.12
laplace,False,6.000,Huber,10,4.1478,4.8201,8.9661,12.3880,0.0000,7.95
laplace,False,6.000,Huber,20,3.7502,4.4025,8.0832,11.5588,0.0000,10.93
laplace,False,6.000,Cauchy,2,6.6868,8.1516,16.0056,23.6859,0.0736,1.99
laplace,False,6.000,Cauchy,3,6.1970,7.5065,14.4110,21.7665,0.0448,12.61
laplace,False,6.000,Cauchy,10,3.9728,4.6654,8.5581,12.7218,0.0011,14.73
laplace,False,6.000,Cauchy,20,3.4859,4.1084,7.4489,11.3228,0.0000,14.78
student_t3,False,6.000,EKF,0,3.9673,4.7650,8.4689,16.3836,0.0080,1.0
student_t3,False,6.000,L2（无 kernel）,2,6.2387,7.9967,14.9543,34.4408,0.0471,1.99
student_t3,False,6.000,L2（无 kernel）,3,5.9020,7.3304,13.1370,29.8579,0.0402,1.99
student_t3,False,6.000,L2（无 kernel）,10,3.9664,4.7113,8.6505,14.6852,0.0023,1.99
student_t3,False,6.000,L2（无 kernel）,20,3.5652,4.3081,8.0389,14.3109,0.0023,1.99
student_t3,False,6.000,Huber,2,6.2387,7.9967,14.9543,34.4408,0.0471,1.99
student_t3,False,6.000,Huber,3,5.8651,7.2875,13.0321,30.2116,0.0379,3.00
student_t3,False,6.000,Huber,10,3.7807,4.4071,7.7025,13.1916,0.0023,7.06
student_t3,False,6.000,Huber,20,3.3806,3.9853,6.9811,12.7172,0.0023,9.54
student_t3,False,6.000,Cauchy,2,6.2387,7.9967,14.9543,34.4408,0.0471,2.00
student_t3,False,6.000,Cauchy,3,5.8382,7.3694,13.2448,32.0213,0.0379,12.19
student_t3,False,6.000,Cauchy,10,3.5914,4.1600,7.2938,11.2133,0.0000,14.59
student_t3,False,6.000,Cauchy,20,3.1233,3.6250,6.4575,10.2709,0.0000,14.69
contaminated,False,6.000,EKF,0,4.3972,5.2930,9.7672,16.4806,0.0126,1.0
contaminated,False,6.000,L2（无 kernel）,2,7.0343,8.6991,16.4150,33.6641,0.0575,1.99
contaminated,False,6.000,L2（无 kernel）,3,6.5273,7.9477,14.6507,30.2107,0.0483,1.99
contaminated,False,6.000,L2（无 kernel）,10,4.4486,5.3127,9.9816,16.4309,0.0138,1.99
contaminated,False,6.000,L2（无 kernel）,20,3.9807,4.7526,8.7774,15.6041,0.0069,1.99
contaminated,False,6.000,Huber,2,7.0343,8.6991,16.4150,33.6641,0.0575,1.99
contaminated,False,6.000,Huber,3,6.4664,7.8907,14.3926,30.6062,0.0437,3.29
contaminated,False,6.000,Huber,10,4.1773,4.8956,8.9662,14.1986,0.0046,7.64
contaminated,False,6.000,Huber,20,3.6946,4.3454,7.8858,13.2860,0.0034,10.16
contaminated,False,6.000,Cauchy,2,7.0343,8.6991,16.4150,33.6641,0.0575,1.99
contaminated,False,6.000,Cauchy,3,6.5009,8.0173,14.6712,31.9118,0.0437,12.75
contaminated,False,6.000,Cauchy,10,4.0059,4.6312,8.4098,12.8361,0.0011,14.73
contaminated,False,6.000,Cauchy,20,3.4350,4.0006,7.2266,11.2186,0.0000,14.77
gaussian,True,8.573,EKF,0,6.6386,7.9955,15.6321,23.9415,0.0690,1.0
gaussian,True,8.573,L2（无 kernel）,2,9.8984,12.3949,27.1243,37.4384,0.1575,1.99
gaussian,True,8.573,L2（无 kernel）,3,9.3548,11.4044,23.0703,36.4727,0.1448,1.99
gaussian,True,8.573,L2（无 kernel）,10,6.5044,7.7795,14.6655,23.3753,0.0506,1.99
gaussian,True,8.573,L2（无 kernel）,20,5.9930,7.2707,13.9665,22.0372,0.0437,1.99
gaussian,True,8.573,Huber,2,9.8984,12.3949,27.1243,37.4384,0.1575,1.99
gaussian,True,8.573,Huber,3,9.2423,11.3831,23.6011,36.3920,0.1460,5.08
gaussian,True,8.573,Huber,10,5.9536,7.2509,14.0697,24.4586,0.0460,11.74
gaussian,True,8.573,Huber,20,5.3700,6.5893,12.7172,22.2666,0.0356,13.44
gaussian,True,8.573,Cauchy,2,9.8984,12.3949,27.1243,37.4384,0.1575,1.99
gaussian,True,8.573,Cauchy,3,9.3666,11.7494,25.4058,38.7214,0.1529,13.63
gaussian,True,8.573,Cauchy,10,5.8082,7.1224,13.0773,25.8579,0.0368,14.80
gaussian,True,8.573,Cauchy,20,4.8431,5.8944,10.7356,22.0160,0.0184,14.80
