model,perturb_yaw_deg,perturb_vel_mps,steps_to_converge,first_drop_orders,second_step_norm
2D,0.0,0.0,2,14.02,3.073e-13
5D,0.0,0.0,7,4.49,1.054e-03
2D,5.0,0.0,2,14.02,3.073e-13
5D,5.0,0.0,8,3.81,4.966e-03
2D,10.0,0.0,2,14.02,3.073e-13
5D,10.0,0.0,8,3.19,2.068e-02
2D,20.0,0.0,2,14.02,3.073e-13
5D,20.0,0.0,8,2.56,8.848e-02
2D,40.0,0.0,2,14.02,3.073e-13
5D,40.0,0.0,8,1.95,3.681e-01
2D,20.0,2.0,2,14.54,9.802e-14
5D,20.0,2.0,8,2.58,8.848e-02
2D,20.0,5.0,2,14.27,2.115e-13
5D,20.0,5.0,8,2.65,8.848e-02
