model,window,n_iter,mean_m,rmse_m,max_m,yaw_err_deg,mean_iters_used,final_cost
2D,3,1,7.8326,9.5332,31.8110,,1.00,1.696962e+00
5D,3,1,6.9590,7.8302,18.9226,0.7219,1.00,5.281797e+00
2D,3,2,7.8326,9.5332,31.8110,,2.00,1.696962e+00
5D,3,2,6.9590,7.8302,18.9226,0.7219,1.99,5.281797e+00
2D,3,3,7.8326,9.5332,31.8110,,3.00,1.696962e+00
5D,3,3,6.9590,7.8302,18.9226,0.7219,2.98,5.281797e+00
2D,3,5,7.8326,9.5332,31.8110,,5.00,1.696962e+00
5D,3,5,6.9590,7.8302,18.9226,0.7219,3.85,5.281797e+00
2D,3,8,7.8326,9.5332,31.8110,,8.00,1.696962e+00
5D,3,8,6.9590,7.8302,18.9226,0.7219,3.85,5.281797e+00
2D,3,12,7.8326,9.5332,31.8110,,12.00,1.696962e+00
5D,3,12,6.9590,7.8302,18.9226,0.7219,3.85,5.281797e+00
2D,3,20,7.8326,9.5332,31.8110,,20.00,1.696962e+00
5D,3,20,6.9590,7.8302,18.9226,0.7219,3.85,5.281797e+00
2D,10,1,5.3180,6.2704,19.9772,,1.00,4.042384e+01
5D,10,1,4.5245,5.1997,12.6813,0.7900,1.00,1.677067e+01
2D,10,2,5.3180,6.2704,19.9772,,2.00,4.042384e+01
5D,10,2,4.5245,5.1997,12.6815,0.7892,1.99,1.677067e+01
2D,10,3,5.3180,6.2704,19.9772,,3.00,4.042384e+01
5D,10,3,4.5245,5.1997,12.6815,0.7893,2.98,1.677067e+01
2D,10,5,5.3180,6.2704,19.9772,,5.00,4.042384e+01
5D,10,5,4.5245,5.1997,12.6815,0.7893,4.85,1.677067e+01
2D,10,8,5.3180,6.2704,19.9772,,8.00,4.042384e+01
5D,10,8,4.5245,5.1997,12.6815,0.7893,5.13,1.677067e+01
2D,10,12,5.3180,6.2704,19.9772,,12.00,4.042384e+01
5D,10,12,4.5245,5.1997,12.6815,0.7893,5.13,1.677067e+01
2D,10,20,5.3180,6.2704,19.9772,,20.00,4.042384e+01
5D,10,20,4.5245,5.1997,12.6815,0.7893,5.13,1.677067e+01
2D,20,1,4.8865,5.7920,17.4115,,1.00,5.492687e+01
5D,20,1,4.2345,4.8296,11.3789,1.2726,1.00,2.658621e+01
2D,20,2,4.8865,5.7920,17.4115,,2.00,5.492687e+01
5D,20,2,4.2345,4.8296,11.3790,1.2721,1.99,2.658620e+01
2D,20,3,4.8865,5.7920,17.4115,,3.00,5.492687e+01
5D,20,3,4.2345,4.8296,11.3790,1.2721,2.98,2.658620e+01
2D,20,5,4.8865,5.7920,17.4115,,5.00,5.492687e+01
5D,20,5,4.2345,4.8296,11.3790,1.2721,4.93,2.658620e+01
2D,20,8,4.8865,5.7920,17.4115,,8.00,5.492687e+01
5D,20,8,4.2345,4.8296,11.3790,1.2721,6.49,2.658620e+01
2D,20,12,4.8865,5.7920,17.4115,,12.00,5.492687e+01
5D,20,12,4.2345,4.8296,11.3790,1.2721,6.55,2.658620e+01
2D,20,20,4.8865,5.7920,17.4115,,20.00,5.492687e+01
5D,20,20,4.2345,4.8296,11.3790,1.2721,6.55,2.658620e+01
