model,window,iteration,delta_norm
2D 仿射,3,1,2.038223e+01
2D 仿射,3,2,2.602059e-13
5D 带旋转,3,1,2.051901e+01
5D 带旋转,3,2,2.456154e-05
5D 带旋转,3,3,5.036941e-10
5D 带旋转,3,4,6.437639e-13
2D 仿射,5,1,2.275681e+01
2D 仿射,5,2,2.637072e-13
5D 带旋转,5,1,2.278268e+01
5D 带旋转,5,2,2.132631e-04
5D 带旋转,5,3,8.394931e-07
5D 带旋转,5,4,3.945935e-09
5D 带旋转,5,5,1.854712e-11
5D 带旋转,5,6,8.777298e-14
2D 仿射,10,1,3.250110e+01
2D 仿射,10,2,3.073493e-13
5D 带旋转,10,1,3.234916e+01
5D 带旋转,10,2,1.054396e-03
5D 带旋转,10,3,1.399274e-05
5D 带旋转,10,4,1.982990e-07
5D 带旋转,10,5,2.810232e-09
5D 带旋转,10,6,3.982592e-11
5D 带旋转,10,7,5.635944e-13
2D 仿射,20,1,4.718122e+01
2D 仿射,20,2,3.289535e-13
5D 带旋转,20,1,4.692014e+01
5D 带旋转,20,2,5.235013e-03
5D 带旋转,20,3,2.550892e-04
5D 带旋转,20,4,1.261173e-05
5D 带旋转,20,5,6.235424e-07
5D 带旋转,20,6,3.082885e-08
5D 带旋转,20,7,1.524223e-09
5D 带旋转,20,8,7.535891e-11
5D 带旋转,20,9,3.723559e-12
5D 带旋转,20,10,1.868278e-13
