noise_model,outlier,window,n_iter,kernel,delta,mean_m,rmse_m,p95_m,max_m,cat_rate_gt15m,gain_vs_L2_pct,win_seeds_over_L2
gaussian,False,3,1,l2,-,6.8109,7.6828,13.0245,18.3572,0.0230,-,-
gaussian,False,3,1,huber,1.0,6.7739,7.6341,13.0995,18.3885,0.0184,0.54,4/6
gaussian,False,3,1,huber,1.5,6.7368,7.5997,12.8816,18.2503,0.0218,1.09,6/6
gaussian,False,3,1,huber,2.0,6.7399,7.6012,12.8143,18.2787,0.0218,1.04,6/6
gaussian,False,3,1,huber,3.0,6.7826,7.6483,12.9069,18.3258,0.0230,0.42,6/6
gaussian,False,3,1,huber,5.0,6.8094,7.6804,13.0148,18.3572,0.0230,0.02,6/6
gaussian,False,3,1,huber,8.0,6.8109,7.6828,13.0245,18.3572,0.0230,0.00,0/6
gaussian,False,3,1,cauchy,1.0,6.9383,7.8023,13.5351,18.5460,0.0241,-1.87,1/6
gaussian,False,3,1,cauchy,1.5,6.8261,7.6911,13.4120,18.4821,0.0207,-0.22,3/6
gaussian,False,3,1,cauchy,2.0,6.7625,7.6249,13.1318,18.4022,0.0195,0.71,4/6
gaussian,False,3,1,cauchy,3.0,6.7256,7.5871,12.8279,18.3109,0.0218,1.25,6/6
gaussian,False,3,1,cauchy,5.0,6.7492,7.6141,12.8629,18.3107,0.0230,0.91,6/6
gaussian,False,3,1,cauchy,8.0,6.7806,7.6485,12.9222,18.3347,0.0230,0.45,6/6
gaussian,False,10,1,l2,-,4.4366,5.0454,8.6027,12.5240,0.0000,-,-
gaussian,False,10,1,huber,1.0,4.3151,4.8991,8.4129,11.6345,0.0000,2.74,6/6
gaussian,False,10,1,huber,1.5,4.3788,4.9781,8.5466,12.1610,0.0000,1.30,4/6
gaussian,False,10,1,huber,2.0,4.4165,5.0277,8.6334,12.4384,0.0000,0.45,3/6
gaussian,False,10,1,huber,3.0,4.4362,5.0451,8.6300,12.5240,0.0000,0.01,4/6
gaussian,False,10,1,huber,5.0,4.4366,5.0454,8.6027,12.5240,0.0000,0.00,1/6
gaussian,False,10,1,huber,8.0,4.4366,5.0454,8.6027,12.5240,0.0000,0.00,0/6
gaussian,False,10,1,cauchy,1.0,4.3777,4.9399,8.4176,11.3855,0.0000,1.33,4/6
gaussian,False,10,1,cauchy,1.5,4.3023,4.8751,8.4231,11.5051,0.0000,3.03,6/6
gaussian,False,10,1,cauchy,2.0,4.2959,4.8804,8.3483,11.7801,0.0000,3.17,6/6
gaussian,False,10,1,cauchy,3.0,4.3259,4.9257,8.4905,12.1702,0.0000,2.50,6/6
gaussian,False,10,1,cauchy,5.0,4.3820,4.9870,8.5633,12.3932,0.0000,1.23,6/6
gaussian,False,10,1,cauchy,8.0,4.4127,5.0199,8.6214,12.4741,0.0000,0.54,6/6
gaussian,False,20,1,l2,-,4.0265,4.6071,8.0814,11.6923,0.0000,-,-
gaussian,False,20,1,huber,1.0,3.8406,4.3686,7.7194,10.7053,0.0000,4.62,6/6
gaussian,False,20,1,huber,1.5,3.9470,4.5028,7.8687,11.2582,0.0000,1.97,6/6
gaussian,False,20,1,huber,2.0,4.0006,4.5771,7.9654,11.5962,0.0000,0.64,4/6
gaussian,False,20,1,huber,3.0,4.0263,4.6068,8.0790,11.6923,0.0000,0.00,4/6
gaussian,False,20,1,huber,5.0,4.0265,4.6071,8.0814,11.6923,0.0000,0.00,0/6
gaussian,False,20,1,huber,8.0,4.0265,4.6071,8.0814,11.6923,0.0000,0.00,0/6
gaussian,False,20,1,cauchy,1.0,3.7710,4.2754,7.3319,9.6126,0.0000,6.34,6/6
gaussian,False,20,1,cauchy,1.5,3.7819,4.3014,7.5481,10.2980,0.0000,6.07,6/6
gaussian,False,20,1,cauchy,2.0,3.8193,4.3527,7.6432,10.7865,0.0000,5.14,6/6
gaussian,False,20,1,cauchy,3.0,3.8869,4.4414,7.7761,11.2354,0.0000,3.47,6/6
gaussian,False,20,1,cauchy,5.0,3.9623,4.5306,7.9491,11.5126,0.0000,1.59,6/6
gaussian,False,20,1,cauchy,8.0,3.9991,4.5743,8.0356,11.6171,0.0000,0.68,6/6
gaussian,False,20,15,l2,-,4.0265,4.6071,8.0814,11.6923,0.0000,-,-
gaussian,False,20,15,huber,1.0,4.1111,4.6873,8.1459,12.0365,0.0000,-2.10,2/6
gaussian,False,20,15,huber,1.5,4.0599,4.6322,8.0685,11.7866,0.0000,-0.83,2/6
gaussian,False,20,15,huber,2.0,4.0378,4.6158,8.0482,11.7262,0.0000,-0.28,2/6
gaussian,False,20,15,huber,3.0,4.0277,4.6080,8.0814,11.6923,0.0000,-0.03,3/6
gaussian,False,20,15,huber,5.0,4.0265,4.6071,8.0814,11.6923,0.0000,0.00,0/6
gaussian,False,20,15,huber,8.0,4.0265,4.6071,8.0814,11.6923,0.0000,0.00,0/6
gaussian,False,20,15,cauchy,1.0,4.2373,4.8499,8.3985,12.2763,0.0000,-5.24,0/6
gaussian,False,20,15,cauchy,1.5,4.0799,4.6657,8.0940,11.9731,0.0000,-1.33,3/6
gaussian,False,20,15,cauchy,2.0,4.0327,4.6023,8.0463,11.7919,0.0000,-0.16,3/6
gaussian,False,20,15,cauchy,3.0,4.0125,4.5794,8.0348,11.6799,0.0000,0.35,3/6
gaussian,False,20,15,cauchy,5.0,4.0155,4.5887,8.0888,11.6877,0.0000,0.27,3/6
gaussian,False,20,15,cauchy,8.0,4.0208,4.5983,8.0718,11.6879,0.0000,0.14,3/6
laplace,False,3,1,l2,-,6.1749,7.4416,14.3051,21.1565,0.0414,-,-
laplace,False,3,1,huber,1.0,6.0306,7.3100,14.2250,21.3103,0.0460,2.34,6/6
laplace,False,3,1,huber,1.5,6.0733,7.3487,14.2384,21.1480,0.0425,1.65,6/6
laplace,False,3,1,huber,2.0,6.1051,7.3743,14.2606,21.0642,0.0414,1.13,6/6
laplace,False,3,1,huber,3.0,6.1453,7.4058,14.2840,20.9882,0.0414,0.48,6/6
laplace,False,3,1,huber,5.0,6.1713,7.4356,14.3048,21.0501,0.0414,0.06,6/6
laplace,False,3,1,huber,8.0,6.1749,7.4416,14.3051,21.1565,0.0414,0.00,0/6
laplace,False,3,1,cauchy,1.0,6.0005,7.2696,13.8337,21.2931,0.0414,2.82,6/6
laplace,False,3,1,cauchy,1.5,5.9954,7.2685,13.8883,21.0494,0.0425,2.91,6/6
laplace,False,3,1,cauchy,2.0,6.0085,7.2823,14.0869,21.0360,0.0425,2.69,6/6
laplace,False,3,1,cauchy,3.0,6.0588,7.3283,14.2207,21.1192,0.0425,1.88,6/6
laplace,False,3,1,cauchy,5.0,6.1093,7.3685,14.2291,20.9643,0.0414,1.06,6/6
laplace,False,3,1,cauchy,8.0,6.1422,7.4014,14.2426,20.9441,0.0414,0.53,6/6
laplace,False,10,1,l2,-,4.1992,4.8872,9.1603,12.3614,0.0000,-,-
laplace,False,10,1,huber,1.0,3.7238,4.3409,7.8436,11.6897,0.0011,11.32,6/6
laplace,False,10,1,huber,1.5,3.9378,4.5743,8.3342,12.1632,0.0000,6.23,6/6
laplace,False,10,1,huber,2.0,4.0822,4.7355,8.6947,12.3588,0.0000,2.79,5/6
laplace,False,10,1,huber,3.0,4.1873,4.8651,9.0983,12.3126,0.0000,0.28,5/6
laplace,False,10,1,huber,5.0,4.1988,4.8867,9.1603,12.3614,0.0000,0.01,1/6
laplace,False,10,1,huber,8.0,4.1992,4.8872,9.1603,12.3614,0.0000,0.00,0/6
laplace,False,10,1,cauchy,1.0,3.5021,4.1262,7.5863,11.2949,0.0011,16.60,6/6
laplace,False,10,1,cauchy,1.5,3.6127,4.2307,7.7341,11.5072,0.0011,13.97,6/6
laplace,False,10,1,cauchy,2.0,3.7261,4.3475,7.9163,11.6610,0.0000,11.27,6/6
laplace,False,10,1,cauchy,3.0,3.8943,4.5283,8.2616,11.9797,0.0000,7.26,6/6
laplace,False,10,1,cauchy,5.0,4.0558,4.7131,8.7700,12.1550,0.0000,3.42,6/6
laplace,False,10,1,cauchy,8.0,4.1371,4.8102,9.0366,12.2423,0.0000,1.48,6/6
laplace,False,20,1,l2,-,3.8208,4.4921,8.3792,11.5436,0.0000,-,-
laplace,False,20,1,huber,1.0,3.3325,3.8925,7.0045,10.3232,0.0000,12.78,6/6
laplace,False,20,1,huber,1.5,3.5482,4.1518,7.5269,11.1293,0.0000,7.13,6/6
laplace,False,20,1,huber,2.0,3.6981,4.3283,7.8750,11.3891,0.0000,3.21,5/6
laplace,False,20,1,huber,3.0,3.8065,4.4679,8.3258,11.4333,0.0000,0.37,4/6
laplace,False,20,1,huber,5.0,3.8208,4.4921,8.3792,11.5436,0.0000,-0.00,1/6
laplace,False,20,1,huber,8.0,3.8208,4.4921,8.3792,11.5436,0.0000,0.00,0/6
laplace,False,20,1,cauchy,1.0,3.1056,3.6265,6.4682,9.6798,0.0000,18.72,6/6
laplace,False,20,1,cauchy,1.5,3.2123,3.7561,6.6838,9.9483,0.0000,15.93,6/6
laplace,False,20,1,cauchy,2.0,3.3287,3.8949,7.0389,10.4140,0.0000,12.88,6/6
laplace,False,20,1,cauchy,3.0,3.5022,4.0994,7.3850,10.8311,0.0000,8.34,6/6
laplace,False,20,1,cauchy,5.0,3.6689,4.3022,7.9233,11.1813,0.0000,3.97,6/6
laplace,False,20,1,cauchy,8.0,3.7537,4.4081,8.2360,11.3324,0.0000,1.75,6/6
laplace,False,20,15,l2,-,3.8208,4.4921,8.3792,11.5436,0.0000,-,-
laplace,False,20,15,huber,1.0,3.4969,4.1297,7.5494,11.6075,0.0011,8.48,6/6
laplace,False,20,15,huber,1.5,3.6470,4.2894,7.8788,11.5711,0.0000,4.55,6/6
laplace,False,20,15,huber,2.0,3.7502,4.4025,8.0832,11.5588,0.0000,1.85,5/6
laplace,False,20,15,huber,3.0,3.8159,4.4840,8.3330,11.4932,0.0000,0.13,2/6
laplace,False,20,15,huber,5.0,3.8208,4.4921,8.3792,11.5436,0.0000,0.00,0/6
laplace,False,20,15,huber,8.0,3.8208,4.4921,8.3792,11.5436,0.0000,0.00,0/6
laplace,False,20,15,cauchy,1.0,3.3992,4.0215,7.1263,11.6811,0.0011,11.03,6/6
laplace,False,20,15,cauchy,1.5,3.4147,4.0350,7.2296,11.4375,0.0011,10.63,6/6
laplace,False,20,15,cauchy,2.0,3.4859,4.1084,7.4489,11.3228,0.0000,8.76,6/6
laplace,False,20,15,cauchy,3.0,3.6031,4.2380,7.8213,11.3250,0.0000,5.70,6/6
laplace,False,20,15,cauchy,5.0,3.7186,4.3716,8.0811,11.3677,0.0000,2.67,6/6
laplace,False,20,15,cauchy,8.0,3.7765,4.4396,8.2800,11.4198,0.0000,1.16,6/6
student_t3,False,3,1,l2,-,5.9020,7.3304,13.1370,29.8579,0.0402,-,-
student_t3,False,3,1,huber,1.0,5.7191,7.1307,13.3487,29.5109,0.0322,3.10,6/6
student_t3,False,3,1,huber,1.5,5.7752,7.2025,13.1545,30.6471,0.0333,2.15,6/6
student_t3,False,3,1,huber,2.0,5.8126,7.2401,13.0968,31.0396,0.0379,1.51,6/6
student_t3,False,3,1,huber,3.0,5.8549,7.2741,13.0906,30.5452,0.0391,0.80,6/6
student_t3,False,3,1,huber,5.0,5.8902,7.3107,13.1120,29.8999,0.0402,0.20,6/6
student_t3,False,3,1,huber,8.0,5.9002,7.3262,13.1368,29.8579,0.0402,0.03,3/6
student_t3,False,3,1,cauchy,1.0,5.6162,6.9727,12.9162,27.8616,0.0299,4.84,6/6
student_t3,False,3,1,cauchy,1.5,5.6656,7.0648,13.1551,29.7080,0.0287,4.01,6/6
student_t3,False,3,1,cauchy,2.0,5.7108,7.1358,13.2657,30.4867,0.0322,3.24,6/6
student_t3,False,3,1,cauchy,3.0,5.7627,7.1922,13.0242,30.9675,0.0333,2.36,6/6
student_t3,False,3,1,cauchy,5.0,5.8199,7.2355,13.0502,30.7004,0.0379,1.39,6/6
student_t3,False,3,1,cauchy,8.0,5.8595,7.2734,13.0673,29.9985,0.0391,0.72,6/6
student_t3,False,10,1,l2,-,3.9664,4.7113,8.6505,14.6852,0.0023,-,-
student_t3,False,10,1,huber,1.0,3.3856,3.8797,6.8422,9.9980,0.0000,14.64,6/6
student_t3,False,10,1,huber,1.5,3.5670,4.1077,7.2675,10.8046,0.0000,10.07,6/6
student_t3,False,10,1,huber,2.0,3.7017,4.2803,7.5323,11.7696,0.0000,6.67,6/6
student_t3,False,10,1,huber,3.0,3.8517,4.5085,7.9772,13.4561,0.0023,2.89,6/6
student_t3,False,10,1,huber,5.0,3.9498,4.6812,8.4975,14.3490,0.0023,0.42,3/6
student_t3,False,10,1,huber,8.0,3.9664,4.7113,8.6505,14.6852,0.0023,0.00,0/6
student_t3,False,10,1,cauchy,1.0,3.1297,3.5617,6.2726,8.7376,0.0000,21.09,6/6
student_t3,False,10,1,cauchy,1.5,3.2598,3.7243,6.6027,9.3173,0.0000,17.82,6/6
student_t3,False,10,1,cauchy,2.0,3.3662,3.8596,6.8175,9.8297,0.0000,15.13,6/6
student_t3,False,10,1,cauchy,3.0,3.5320,4.0694,7.1461,10.7230,0.0000,10.95,6/6
student_t3,False,10,1,cauchy,5.0,3.7202,4.3309,7.5473,12.4729,0.0011,6.21,6/6
student_t3,False,10,1,cauchy,8.0,3.8461,4.5162,7.9935,13.4829,0.0023,3.04,6/6
student_t3,False,20,1,l2,-,3.5652,4.3081,8.0389,14.3109,0.0023,-,-
student_t3,False,20,1,huber,1.0,2.9958,3.4505,6.0327,9.4282,0.0000,15.97,6/6
student_t3,False,20,1,huber,1.5,3.1852,3.6927,6.5612,10.2525,0.0000,10.66,6/6
student_t3,False,20,1,huber,2.0,3.3139,3.8694,6.8805,11.3302,0.0000,7.05,6/6
student_t3,False,20,1,huber,3.0,3.4577,4.1012,7.3341,13.0792,0.0023,3.01,6/6
student_t3,False,20,1,huber,5.0,3.5500,4.2798,7.8404,14.1007,0.0023,0.42,3/6
student_t3,False,20,1,huber,8.0,3.5652,4.3081,8.0389,14.3109,0.0023,0.00,0/6
student_t3,False,20,1,cauchy,1.0,2.7351,3.1167,5.5104,7.7868,0.0000,23.28,6/6
student_t3,False,20,1,cauchy,1.5,2.8641,3.2795,5.8499,8.4133,0.0000,19.66,6/6
student_t3,False,20,1,cauchy,2.0,2.9754,3.4225,6.0923,8.9932,0.0000,16.54,6/6
student_t3,False,20,1,cauchy,3.0,3.1391,3.6443,6.4485,10.2849,0.0000,11.95,6/6
student_t3,False,20,1,cauchy,5.0,3.3270,3.9177,6.9246,12.1167,0.0011,6.68,6/6
student_t3,False,20,1,cauchy,8.0,3.4469,4.1087,7.3404,13.2038,0.0023,3.32,6/6
student_t3,False,20,15,l2,-,3.5652,4.3081,8.0389,14.3109,0.0023,-,-
student_t3,False,20,15,huber,1.0,3.1426,3.6492,6.4925,10.5879,0.0000,11.85,6/6
student_t3,False,20,15,huber,1.5,3.2791,3.8342,6.7770,11.3846,0.0000,8.02,6/6
student_t3,False,20,15,huber,2.0,3.3806,3.9853,6.9811,12.7172,0.0023,5.18,6/6
student_t3,False,20,15,huber,3.0,3.4899,4.1737,7.3891,14.0967,0.0023,2.11,6/6
student_t3,False,20,15,huber,5.0,3.5541,4.2889,7.8404,14.1007,0.0023,0.31,4/6
student_t3,False,20,15,huber,8.0,3.5652,4.3081,8.0389,14.3109,0.0023,0.00,0/6
student_t3,False,20,15,cauchy,1.0,2.9873,3.4451,6.2899,9.2028,0.0000,16.21,6/6
student_t3,False,20,15,cauchy,1.5,3.0499,3.5248,6.2501,9.6176,0.0000,14.45,6/6
student_t3,False,20,15,cauchy,2.0,3.1233,3.6250,6.4575,10.2709,0.0000,12.39,6/6
student_t3,False,20,15,cauchy,3.0,3.2452,3.8053,6.7229,11.6458,0.0000,8.98,6/6
student_t3,False,20,15,cauchy,5.0,3.3904,4.0239,7.1021,13.0943,0.0023,4.90,6/6
student_t3,False,20,15,cauchy,8.0,3.4786,4.1663,7.5124,13.6743,0.0023,2.43,6/6
contaminated,False,3,1,l2,-,6.5273,7.9477,14.6507,30.2107,0.0483,-,-
contaminated,False,3,1,huber,1.0,6.3633,7.7833,14.1899,29.6744,0.0391,2.51,6/6
contaminated,False,3,1,huber,1.5,6.4037,7.8552,14.1667,30.0768,0.0425,1.89,6/6
contaminated,False,3,1,huber,2.0,6.4425,7.8931,14.3423,30.7125,0.0414,1.30,6/6
contaminated,False,3,1,huber,3.0,6.4820,7.9045,14.5456,30.6332,0.0425,0.69,6/6
contaminated,False,3,1,huber,5.0,6.5146,7.9287,14.6169,30.2013,0.0448,0.20,6/6
contaminated,False,3,1,huber,8.0,6.5269,7.9470,14.6507,30.2107,0.0483,0.01,1/6
contaminated,False,3,1,cauchy,1.0,6.1998,7.5169,13.3385,29.2461,0.0345,5.02,6/6
contaminated,False,3,1,cauchy,1.5,6.2475,7.5888,13.6928,29.6156,0.0402,4.29,6/6
contaminated,False,3,1,cauchy,2.0,6.3070,7.6909,13.8308,29.7423,0.0391,3.38,6/6
contaminated,False,3,1,cauchy,3.0,6.3850,7.8300,14.0630,30.1254,0.0414,2.18,6/6
contaminated,False,3,1,cauchy,5.0,6.4447,7.8699,14.4069,30.4697,0.0414,1.27,6/6
contaminated,False,3,1,cauchy,8.0,6.4824,7.8901,14.5074,30.1337,0.0448,0.69,6/6
contaminated,False,10,1,l2,-,4.4486,5.3127,9.9816,16.4309,0.0138,-,-
contaminated,False,10,1,huber,1.0,3.7663,4.3373,7.8599,10.7192,0.0000,15.34,6/6
contaminated,False,10,1,huber,1.5,3.9567,4.5738,8.2739,11.9169,0.0000,11.06,6/6
contaminated,False,10,1,huber,2.0,4.1081,4.7767,8.6209,12.9148,0.0011,7.66,6/6
contaminated,False,10,1,huber,3.0,4.3097,5.0774,9.5191,14.7885,0.0080,3.12,6/6
contaminated,False,10,1,huber,5.0,4.4449,5.3057,9.9816,16.4309,0.0126,0.08,4/6
contaminated,False,10,1,huber,8.0,4.4486,5.3127,9.9816,16.4309,0.0138,0.00,0/6
contaminated,False,10,1,cauchy,1.0,3.5187,4.0083,6.9585,9.5351,0.0000,20.90,6/6
contaminated,False,10,1,cauchy,1.5,3.6226,4.1444,7.3964,10.0914,0.0000,18.57,6/6
contaminated,False,10,1,cauchy,2.0,3.7323,4.2915,7.7937,10.5412,0.0000,16.10,6/6
contaminated,False,10,1,cauchy,3.0,3.9272,4.5483,8.3340,11.9533,0.0000,11.72,6/6
contaminated,False,10,1,cauchy,5.0,4.1689,4.8841,9.0605,13.7202,0.0046,6.29,6/6
contaminated,False,10,1,cauchy,8.0,4.3194,5.1087,9.5036,15.1208,0.0069,2.90,6/6
contaminated,False,20,1,l2,-,3.9807,4.7526,8.7774,15.6041,0.0069,-,-
contaminated,False,20,1,huber,1.0,3.2803,3.8089,6.8795,10.2110,0.0000,17.59,6/6
contaminated,False,20,1,huber,1.5,3.4878,4.0553,7.3804,11.3838,0.0000,12.38,6/6
contaminated,False,20,1,huber,2.0,3.6424,4.2553,7.6456,12.2859,0.0011,8.50,6/6
contaminated,False,20,1,huber,3.0,3.8344,4.5260,8.2920,13.8907,0.0057,3.67,6/6
contaminated,False,20,1,huber,5.0,3.9760,4.7450,8.7340,15.6081,0.0069,0.12,5/6
contaminated,False,20,1,huber,8.0,3.9807,4.7526,8.7774,15.6041,0.0069,-0.00,0/6
contaminated,False,20,1,cauchy,1.0,3.0201,3.4813,6.1741,8.9511,0.0000,24.13,6/6
contaminated,False,20,1,cauchy,1.5,3.1215,3.6148,6.5568,9.5830,0.0000,21.58,6/6
contaminated,False,20,1,cauchy,2.0,3.2396,3.7597,6.8508,10.0457,0.0000,18.62,6/6
contaminated,False,20,1,cauchy,3.0,3.4425,4.0087,7.2850,11.2411,0.0000,13.52,6/6
contaminated,False,20,1,cauchy,5.0,3.6881,4.3295,7.8413,12.9062,0.0023,7.35,6/6
contaminated,False,20,1,cauchy,8.0,3.8438,4.5478,8.2805,14.1894,0.0046,3.44,6/6
contaminated,False,20,15,l2,-,3.9807,4.7526,8.7774,15.6041,0.0069,-,-
contaminated,False,20,15,huber,1.0,3.4851,4.0657,7.2867,11.8549,0.0011,12.45,6/6
contaminated,False,20,15,huber,1.5,3.5878,4.1979,7.6087,12.5230,0.0023,9.87,6/6
contaminated,False,20,15,huber,2.0,3.6946,4.3454,7.8858,13.2860,0.0034,7.19,6/6
contaminated,False,20,15,huber,3.0,3.8651,4.5951,8.4209,15.0830,0.0057,2.90,6/6
contaminated,False,20,15,huber,5.0,3.9784,4.7499,8.7628,15.6041,0.0069,0.06,4/6
contaminated,False,20,15,huber,8.0,3.9807,4.7526,8.7774,15.6041,0.0069,0.00,1/6
contaminated,False,20,15,cauchy,1.0,3.4138,3.9479,7.0864,10.3487,0.0000,14.24,6/6
contaminated,False,20,15,cauchy,1.5,3.3866,3.9302,7.0527,10.8033,0.0000,14.92,6/6
contaminated,False,20,15,cauchy,2.0,3.4350,4.0006,7.2266,11.2186,0.0000,13.71,6/6
contaminated,False,20,15,cauchy,3.0,3.5644,4.1777,7.5022,12.5681,0.0023,10.46,6/6
contaminated,False,20,15,cauchy,5.0,3.7532,4.4358,8.0340,13.9297,0.0046,5.72,6/6
contaminated,False,20,15,cauchy,8.0,3.8757,4.6042,8.3824,14.8346,0.0046,2.64,6/6
gaussian,True,3,1,l2,-,9.3548,11.4044,23.0703,36.4727,0.1448,-,-
gaussian,True,3,1,huber,1.0,9.1596,11.2760,23.5006,37.1352,0.1425,2.09,6/6
gaussian,True,3,1,huber,1.5,9.1974,11.3134,23.4854,36.9205,0.1471,1.68,6/6
gaussian,True,3,1,huber,2.0,9.2235,11.3235,23.2237,36.5507,0.1460,1.40,6/6
gaussian,True,3,1,huber,3.0,9.2514,11.2975,22.8003,36.0342,0.1402,1.11,6/6
gaussian,True,3,1,huber,5.0,9.3206,11.3563,22.9875,36.1767,0.1425,0.37,6/6
gaussian,True,3,1,huber,8.0,9.3542,11.4010,23.0703,36.4047,0.1437,0.01,4/6
gaussian,True,3,1,cauchy,1.0,9.0330,11.1653,23.6813,36.9363,0.1299,3.44,5/6
gaussian,True,3,1,cauchy,1.5,9.0013,11.1458,23.7169,36.5405,0.1345,3.78,6/6
gaussian,True,3,1,cauchy,2.0,9.0577,11.1904,23.5684,36.2422,0.1379,3.18,6/6
gaussian,True,3,1,cauchy,3.0,9.1587,11.2701,23.4337,36.5766,0.1448,2.10,6/6
gaussian,True,3,1,cauchy,5.0,9.2187,11.2764,22.6992,36.2527,0.1414,1.45,6/6
gaussian,True,3,1,cauchy,8.0,9.2715,11.2978,22.8024,36.1948,0.1391,0.89,6/6
gaussian,True,10,1,l2,-,6.5044,7.7795,14.6655,23.3753,0.0506,-,-
gaussian,True,10,1,huber,1.0,5.2965,6.2794,11.8449,18.4932,0.0184,18.57,6/6
gaussian,True,10,1,huber,1.5,5.5397,6.6002,12.4088,19.6025,0.0241,14.83,6/6
gaussian,True,10,1,huber,2.0,5.7715,6.9135,13.2002,20.4822,0.0356,11.27,6/6
gaussian,True,10,1,huber,3.0,6.2206,7.4506,14.3267,22.2424,0.0471,4.36,6/6
gaussian,True,10,1,huber,5.0,6.5058,7.7809,14.6655,23.3753,0.0506,-0.02,2/6
gaussian,True,10,1,huber,8.0,6.5044,7.7795,14.6655,23.3753,0.0506,0.00,0/6
gaussian,True,10,1,cauchy,1.0,4.9022,5.7343,9.7682,17.0289,0.0115,24.63,6/6
gaussian,True,10,1,cauchy,1.5,5.0671,6.0005,10.8204,18.6475,0.0172,22.10,6/6
gaussian,True,10,1,cauchy,2.0,5.2331,6.2372,11.4406,19.1852,0.0184,19.55,6/6
gaussian,True,10,1,cauchy,3.0,5.5493,6.6448,12.5544,20.0174,0.0276,14.68,6/6
gaussian,True,10,1,cauchy,5.0,5.9968,7.1813,13.8436,21.5585,0.0414,7.80,6/6
gaussian,True,10,1,cauchy,8.0,6.2741,7.5045,14.1325,22.6821,0.0460,3.54,6/6
gaussian,True,20,1,l2,-,5.9930,7.2707,13.9665,22.0372,0.0437,-,-
gaussian,True,20,1,huber,1.0,4.5858,5.3900,9.9035,14.7048,0.0080,23.48,6/6
gaussian,True,20,1,huber,1.5,4.9259,5.8587,11.0811,16.5999,0.0161,17.81,6/6
gaussian,True,20,1,huber,2.0,5.2270,6.2933,12.0110,18.3999,0.0218,12.78,6/6
gaussian,True,20,1,huber,3.0,5.7037,6.9171,13.4557,20.9401,0.0379,4.83,6/6
gaussian,True,20,1,huber,5.0,5.9895,7.2668,13.9661,22.0344,0.0437,0.06,5/6
gaussian,True,20,1,huber,8.0,5.9930,7.2707,13.9665,22.0372,0.0437,0.00,0/6
gaussian,True,20,1,cauchy,1.0,3.9658,4.5757,7.7624,12.1092,0.0034,33.83,6/6
gaussian,True,20,1,cauchy,1.5,4.2117,4.9000,8.5264,13.5375,0.0046,29.72,6/6
gaussian,True,20,1,cauchy,2.0,4.4906,5.2867,9.5618,14.9063,0.0080,25.07,6/6
gaussian,True,20,1,cauchy,3.0,4.9505,5.9321,11.1683,17.1470,0.0161,17.40,6/6
gaussian,True,20,1,cauchy,5.0,5.4613,6.5991,12.8173,20.0094,0.0310,8.87,6/6
gaussian,True,20,1,cauchy,8.0,5.7528,6.9655,13.4285,21.2551,0.0368,4.01,6/6
gaussian,True,20,15,l2,-,5.9930,7.2707,13.9665,22.0372,0.0437,-,-
gaussian,True,20,15,huber,1.0,4.9975,6.0599,11.1060,22.0150,0.0195,16.61,6/6
gaussian,True,20,15,huber,1.5,5.1833,6.3430,11.9632,22.6011,0.0287,13.51,6/6
gaussian,True,20,15,huber,2.0,5.3700,6.5893,12.7172,22.2666,0.0356,10.40,6/6
gaussian,True,20,15,huber,3.0,5.7754,7.0447,13.6481,22.2744,0.0391,3.63,6/6
gaussian,True,20,15,huber,5.0,5.9921,7.2704,13.9665,22.0372,0.0437,0.02,1/6
gaussian,True,20,15,huber,8.0,5.9930,7.2707,13.9665,22.0372,0.0437,0.00,1/6
gaussian,True,20,15,cauchy,1.0,4.5266,5.2803,9.2064,15.7804,0.0046,24.47,6/6
gaussian,True,20,15,cauchy,1.5,4.6121,5.4888,9.6413,19.4564,0.0092,23.04,6/6
gaussian,True,20,15,cauchy,2.0,4.8431,5.8944,10.7356,22.0160,0.0184,19.19,6/6
gaussian,True,20,15,cauchy,3.0,5.1944,6.3480,12.0057,21.9696,0.0310,13.33,6/6
gaussian,True,20,15,cauchy,5.0,5.5904,6.8152,13.2207,22.0511,0.0379,6.72,6/6
gaussian,True,20,15,cauchy,8.0,5.8114,7.0682,13.6966,22.0470,0.0414,3.03,6/6
