noise_model,outlier,window,kernel,n_iter,mean_m,p95_m,cat_rate_gt15m,iters_used,gnss_weight_ratio,gnss_robust_cost,paired_diff_vs_iter1_m,paired_win_seeds,sign_test_p
gaussian,True,2,l2,1,9.7790,26.9367,0.1593,1.00,1.00000,0.0000,,,
gaussian,True,2,l2,2,9.7790,26.9367,0.1593,1.99,1.00000,0.0000,,,
gaussian,True,2,l2,3,9.7790,26.9367,0.1593,1.99,1.00000,0.0000,,,
gaussian,True,2,l2,5,9.7790,26.9367,0.1593,1.99,1.00000,0.0000,,,
gaussian,True,2,l2,10,9.7790,26.9367,0.1593,1.99,1.00000,0.0000,,,
gaussian,True,2,l2,15,9.7790,26.9367,0.1593,1.99,1.00000,0.0000,,,
gaussian,True,2,l2,20,9.7790,26.9367,0.1593,1.99,1.00000,0.0000,,,
gaussian,True,2,l2,30,9.7790,26.9367,0.1593,1.99,1.00000,0.0000,,,
gaussian,True,2,huber,1,9.7790,26.9367,0.1593,1.00,1.00000,0.0000,,,
gaussian,True,2,huber,2,9.7790,26.9367,0.1593,1.99,1.00000,0.0000,,,
gaussian,True,2,huber,3,9.7790,26.9367,0.1593,1.99,1.00000,0.0000,,,
gaussian,True,2,huber,5,9.7790,26.9367,0.1593,1.99,1.00000,0.0000,,,
gaussian,True,2,huber,10,9.7790,26.9367,0.1593,1.99,1.00000,0.0000,,,
gaussian,True,2,huber,15,9.7790,26.9367,0.1593,1.99,1.00000,0.0000,,,
gaussian,True,2,huber,20,9.7790,26.9367,0.1593,1.99,1.00000,0.0000,,,
gaussian,True,2,huber,30,9.7790,26.9367,0.1593,1.99,1.00000,0.0000,,,
gaussian,True,2,cauchy,1,9.7790,26.9367,0.1593,1.00,1.00000,0.0000,,,
gaussian,True,2,cauchy,2,9.7790,26.9367,0.1593,1.99,1.00000,0.0000,,,
gaussian,True,2,cauchy,3,9.7790,26.9367,0.1593,2.00,1.00000,0.0000,,,
gaussian,True,2,cauchy,5,9.7790,26.9367,0.1593,2.00,1.00000,0.0000,,,
gaussian,True,2,cauchy,10,9.7790,26.9367,0.1593,2.00,1.00000,0.0000,,,
gaussian,True,2,cauchy,15,9.7790,26.9367,0.1593,2.00,1.00000,0.0000,,,
gaussian,True,2,cauchy,20,9.7790,26.9367,0.1593,2.00,1.00000,0.0000,,,
gaussian,True,2,cauchy,30,9.7790,26.9367,0.1593,2.00,1.00000,0.0000,,,
gaussian,True,3,l2,1,9.2097,23.1948,0.1421,1.00,1.00000,0.6575,,,
gaussian,True,3,l2,2,9.2097,23.1948,0.1421,1.99,1.00000,0.6575,,,
gaussian,True,3,l2,3,9.2097,23.1948,0.1421,1.99,1.00000,0.6575,,,
gaussian,True,3,l2,5,9.2097,23.1948,0.1421,1.99,1.00000,0.6575,,,
gaussian,True,3,l2,10,9.2097,23.1948,0.1421,1.99,1.00000,0.6575,,,
gaussian,True,3,l2,15,9.2097,23.1948,0.1421,1.99,1.00000,0.6575,,,
gaussian,True,3,l2,20,9.2097,23.1948,0.1421,1.99,1.00000,0.6575,,,
gaussian,True,3,l2,30,9.2097,23.1948,0.1421,1.99,1.00000,0.6575,,,
gaussian,True,3,huber,1,9.0565,23.5710,0.1372,1.00,0.99866,0.4952,,,
gaussian,True,3,huber,2,9.1496,23.5077,0.1405,1.99,0.99968,0.5393,,,
gaussian,True,3,huber,3,9.1359,23.5648,0.1407,2.70,0.99970,0.5079,,,
gaussian,True,3,huber,5,9.1027,23.6422,0.1405,3.10,0.99969,0.4674,,,
gaussian,True,3,huber,10,9.0993,23.6505,0.1402,4.05,0.99969,0.4635,,,
gaussian,True,3,huber,15,9.0993,23.6505,0.1402,5.01,0.99969,0.4635,,,
gaussian,True,3,huber,20,9.0993,23.6505,0.1402,5.92,0.99969,0.4635,,,
gaussian,True,3,huber,30,9.0993,23.6505,0.1402,6.20,0.99969,0.4635,,,
gaussian,True,3,cauchy,1,8.8597,22.8779,0.1306,1.00,0.92403,0.3039,,,
gaussian,True,3,cauchy,2,9.0233,23.5584,0.1375,1.99,0.92746,0.2902,,,
gaussian,True,3,cauchy,3,9.1274,24.2994,0.1414,2.98,0.93596,0.2562,,,
gaussian,True,3,cauchy,5,9.1992,24.9392,0.1439,4.95,0.94760,0.2096,,,
gaussian,True,3,cauchy,10,9.1921,25.0860,0.1434,9.70,0.95477,0.1809,,,
gaussian,True,3,cauchy,15,9.1878,25.0796,0.1434,13.61,0.95528,0.1789,,,
gaussian,True,3,cauchy,20,9.1871,25.0796,0.1434,16.50,0.95541,0.1784,,,
gaussian,True,3,cauchy,30,9.1873,25.0796,0.1434,18.61,0.95546,0.1781,,,
gaussian,True,10,l2,1,6.3757,14.5503,0.0448,1.00,1.00000,2.1890,,,
gaussian,True,10,l2,2,6.3757,14.5503,0.0448,1.99,1.00000,2.1890,,,
gaussian,True,10,l2,3,6.3757,14.5503,0.0448,1.99,1.00000,2.1890,,,
gaussian,True,10,l2,5,6.3757,14.5503,0.0448,1.99,1.00000,2.1890,,,
gaussian,True,10,l2,10,6.3757,14.5503,0.0448,1.99,1.00000,2.1890,,,
gaussian,True,10,l2,15,6.3757,14.5503,0.0448,1.99,1.00000,2.1890,,,
gaussian,True,10,l2,20,6.3757,14.5503,0.0448,1.99,1.00000,2.1890,,,
gaussian,True,10,l2,30,6.3757,14.5503,0.0448,1.99,1.00000,2.1890,,,
gaussian,True,10,huber,1,5.6317,12.3659,0.0237,1.00,0.95924,1.7670,,,
gaussian,True,10,huber,2,5.7797,13.1220,0.0322,1.99,0.96153,1.7327,,,
gaussian,True,10,huber,3,5.8193,13.3054,0.0359,2.88,0.96207,1.7252,,,
gaussian,True,10,huber,5,5.8402,13.4764,0.0377,4.54,0.96229,1.7220,,,
gaussian,True,10,huber,10,5.8480,13.5187,0.0375,8.65,0.96232,1.7218,,,
gaussian,True,10,huber,15,5.8488,13.5237,0.0375,12.08,0.96232,1.7219,,,
gaussian,True,10,huber,20,5.8489,13.5252,0.0375,14.17,0.96233,1.7219,,,
gaussian,True,10,huber,30,5.8489,13.5259,0.0375,16.03,0.96233,1.7219,,,
gaussian,True,10,cauchy,1,5.0789,10.7296,0.0117,1.00,0.75157,0.9937,,,
gaussian,True,10,cauchy,2,5.3794,11.6240,0.0195,1.99,0.75728,0.9709,,,
gaussian,True,10,cauchy,3,5.5030,12.1104,0.0255,2.98,0.75933,0.9627,,,
gaussian,True,10,cauchy,5,5.6034,12.4717,0.0306,4.95,0.76093,0.9563,,,
gaussian,True,10,cauchy,10,5.6652,12.6821,0.0326,9.89,0.76209,0.9517,,,
gaussian,True,10,cauchy,15,5.6758,12.7452,0.0331,14.81,0.76238,0.9505,,,
gaussian,True,10,cauchy,20,5.6787,12.7768,0.0333,19.45,0.76244,0.9502,,,
gaussian,True,10,cauchy,30,5.6806,12.7932,0.0336,25.76,0.76245,0.9502,,,
gaussian,True,20,l2,1,5.8649,13.3411,0.0349,1.00,1.00000,2.2170,,,
gaussian,True,20,l2,2,5.8649,13.3411,0.0349,1.99,1.00000,2.2170,,,
gaussian,True,20,l2,3,5.8649,13.3411,0.0349,1.99,1.00000,2.2170,,,
gaussian,True,20,l2,5,5.8649,13.3411,0.0349,1.99,1.00000,2.2170,,,
gaussian,True,20,l2,10,5.8649,13.3411,0.0349,1.99,1.00000,2.2170,,,
gaussian,True,20,l2,15,5.8649,13.3411,0.0349,1.99,1.00000,2.2170,,,
gaussian,True,20,l2,20,5.8649,13.3411,0.0349,1.99,1.00000,2.2170,,,
gaussian,True,20,l2,30,5.8649,13.3411,0.0349,1.99,1.00000,2.2170,,,
gaussian,True,20,huber,1,5.1012,11.3224,0.0149,1.00,0.95727,1.8024,,,
gaussian,True,20,huber,2,5.2261,11.8355,0.0216,1.99,0.96000,1.7628,,,
gaussian,True,20,huber,3,5.2586,11.9846,0.0228,2.95,0.96070,1.7527,,,
gaussian,True,20,huber,5,5.2755,12.0777,0.0251,4.84,0.96102,1.7480,,,
gaussian,True,20,huber,10,5.2817,12.1029,0.0255,9.53,0.96110,1.7471,,,
gaussian,True,20,huber,15,5.2822,12.1048,0.0255,13.53,0.96110,1.7471,,,
gaussian,True,20,huber,20,5.2823,12.1049,0.0255,15.92,0.96110,1.7471,,,
gaussian,True,20,huber,30,5.2823,12.1049,0.0255,17.87,0.96110,1.7471,,,
gaussian,True,20,cauchy,1,4.4714,9.3823,0.0057,1.00,0.74368,1.0253,,,
gaussian,True,20,cauchy,2,4.6818,10.1049,0.0094,1.99,0.74915,1.0034,,,
gaussian,True,20,cauchy,3,4.7578,10.4476,0.0120,2.98,0.75111,0.9956,,,
gaussian,True,20,cauchy,5,4.8113,10.7097,0.0156,4.95,0.75252,0.9899,,,
gaussian,True,20,cauchy,10,4.8363,10.7759,0.0163,9.89,0.75330,0.9868,,,
gaussian,True,20,cauchy,15,4.8401,10.8200,0.0168,14.81,0.75340,0.9864,,,
gaussian,True,20,cauchy,20,4.8422,10.8274,0.0168,19.60,0.75342,0.9863,,,
gaussian,True,20,cauchy,30,4.8435,10.8305,0.0168,26.01,0.75343,0.9863,,,
gaussian,False,2,l2,1,7.5019,14.5064,0.0441,1.00,1.00000,0.0000,,,
gaussian,False,2,l2,2,7.5019,14.5064,0.0441,1.99,1.00000,0.0000,,,
gaussian,False,2,l2,3,7.5019,14.5064,0.0441,1.99,1.00000,0.0000,,,
gaussian,False,2,l2,5,7.5019,14.5064,0.0441,1.99,1.00000,0.0000,,,
gaussian,False,2,l2,10,7.5019,14.5064,0.0441,1.99,1.00000,0.0000,,,
gaussian,False,2,l2,15,7.5019,14.5064,0.0441,1.99,1.00000,0.0000,,,
gaussian,False,2,l2,20,7.5019,14.5064,0.0441,1.99,1.00000,0.0000,,,
gaussian,False,2,l2,30,7.5019,14.5064,0.0441,1.99,1.00000,0.0000,,,
gaussian,False,2,cauchy,1,7.5019,14.5064,0.0441,1.00,1.00000,0.0000,,,
gaussian,False,2,cauchy,2,7.5019,14.5064,0.0441,1.99,1.00000,0.0000,,,
gaussian,False,2,cauchy,3,7.5019,14.5064,0.0441,1.99,1.00000,0.0000,,,
gaussian,False,2,cauchy,5,7.5019,14.5064,0.0441,1.99,1.00000,0.0000,,,
gaussian,False,2,cauchy,10,7.5019,14.5064,0.0441,1.99,1.00000,0.0000,,,
gaussian,False,2,cauchy,15,7.5019,14.5064,0.0441,1.99,1.00000,0.0000,,,
gaussian,False,2,cauchy,20,7.5019,14.5064,0.0441,1.99,1.00000,0.0000,,,
gaussian,False,2,cauchy,30,7.5019,14.5064,0.0441,1.99,1.00000,0.0000,,,
gaussian,False,3,l2,1,6.8637,13.2182,0.0234,1.00,1.00000,0.3264,,,
gaussian,False,3,l2,2,6.8637,13.2182,0.0234,1.99,1.00000,0.3264,,,
gaussian,False,3,l2,3,6.8637,13.2182,0.0234,1.99,1.00000,0.3264,,,
gaussian,False,3,l2,5,6.8637,13.2182,0.0234,1.99,1.00000,0.3264,,,
gaussian,False,3,l2,10,6.8637,13.2182,0.0234,1.99,1.00000,0.3264,,,
gaussian,False,3,l2,15,6.8637,13.2182,0.0234,1.99,1.00000,0.3264,,,
gaussian,False,3,l2,20,6.8637,13.2182,0.0234,1.99,1.00000,0.3264,,,
gaussian,False,3,l2,30,6.8637,13.2182,0.0234,1.99,1.00000,0.3264,,,
gaussian,False,3,cauchy,1,6.7925,13.1936,0.0246,1.00,0.94940,0.2024,,,
gaussian,False,3,cauchy,2,6.8624,13.2229,0.0257,1.99,0.94852,0.2059,,,
gaussian,False,3,cauchy,3,6.9113,13.3256,0.0271,2.98,0.95277,0.1889,,,
gaussian,False,3,cauchy,5,6.9377,13.4043,0.0274,4.95,0.95819,0.1672,,,
gaussian,False,3,cauchy,10,6.9425,13.4140,0.0274,9.61,0.95987,0.1605,,,
gaussian,False,3,cauchy,15,6.9425,13.4141,0.0274,13.09,0.95988,0.1605,,,
gaussian,False,3,cauchy,20,6.9425,13.4141,0.0274,15.25,0.95988,0.1605,,,
gaussian,False,3,cauchy,30,6.9425,13.4141,0.0274,16.35,0.95988,0.1605,,,
gaussian,False,10,l2,1,4.4709,8.8174,0.0000,1.00,1.00000,1.1027,,,
gaussian,False,10,l2,2,4.4709,8.8174,0.0000,1.99,1.00000,1.1027,,,
gaussian,False,10,l2,3,4.4709,8.8174,0.0000,1.99,1.00000,1.1027,,,
gaussian,False,10,l2,5,4.4709,8.8174,0.0000,1.99,1.00000,1.1027,,,
gaussian,False,10,l2,10,4.4709,8.8174,0.0000,1.99,1.00000,1.1027,,,
gaussian,False,10,l2,15,4.4709,8.8174,0.0000,1.99,1.00000,1.1027,,,
gaussian,False,10,l2,20,4.4709,8.8174,0.0000,1.99,1.00000,1.1027,,,
gaussian,False,10,l2,30,4.4709,8.8174,0.0000,1.99,1.00000,1.1027,,,
gaussian,False,10,cauchy,1,4.3012,8.5272,0.0002,1.00,0.81638,0.7345,,,
gaussian,False,10,cauchy,2,4.5020,8.8673,0.0005,1.99,0.81956,0.7218,,,
gaussian,False,10,cauchy,3,4.5651,8.9820,0.0005,2.98,0.82024,0.7190,,,
gaussian,False,10,cauchy,5,4.5991,9.0514,0.0005,4.95,0.82043,0.7183,,,
gaussian,False,10,cauchy,10,4.6074,9.0705,0.0007,9.89,0.82039,0.7184,,,
gaussian,False,10,cauchy,15,4.6077,9.0715,0.0007,14.78,0.82038,0.7185,,,
gaussian,False,10,cauchy,20,4.6078,9.0715,0.0007,19.17,0.82038,0.7185,,,
gaussian,False,10,cauchy,30,4.6078,9.0715,0.0007,23.81,0.82038,0.7185,,,
gaussian,False,20,l2,1,4.0774,8.2954,0.0002,1.00,1.00000,1.1215,,,
gaussian,False,20,l2,2,4.0774,8.2954,0.0002,1.99,1.00000,1.1215,,,
gaussian,False,20,l2,3,4.0774,8.2954,0.0002,1.99,1.00000,1.1215,,,
gaussian,False,20,l2,5,4.0774,8.2954,0.0002,1.99,1.00000,1.1215,,,
gaussian,False,20,l2,10,4.0774,8.2954,0.0002,1.99,1.00000,1.1215,,,
gaussian,False,20,l2,15,4.0774,8.2954,0.0002,1.99,1.00000,1.1215,,,
gaussian,False,20,l2,20,4.0774,8.2954,0.0002,1.99,1.00000,1.1215,,,
gaussian,False,20,l2,30,4.0774,8.2954,0.0002,1.99,1.00000,1.1215,,,
gaussian,False,20,cauchy,1,3.8802,7.8140,0.0000,1.00,0.81068,0.7573,,,
gaussian,False,20,cauchy,2,4.0236,8.1147,0.0000,1.99,0.81414,0.7435,,,
gaussian,False,20,cauchy,3,4.0642,8.2075,0.0000,2.98,0.81503,0.7399,,,
gaussian,False,20,cauchy,5,4.0839,8.2579,0.0000,4.95,0.81542,0.7383,,,
gaussian,False,20,cauchy,10,4.0880,8.2694,0.0000,9.89,0.81547,0.7381,,,
gaussian,False,20,cauchy,15,4.0881,8.2697,0.0000,14.80,0.81547,0.7381,,,
gaussian,False,20,cauchy,20,4.0881,8.2697,0.0000,19.39,0.81547,0.7381,,,
gaussian,False,20,cauchy,30,4.0881,8.2697,0.0000,23.79,0.81547,0.7381,,,
