window,kernel,n_iter,mean_m,rmse_m,p95_m,max_m,cat_rate_gt15m
2,l2,1,5.9197,6.9023,12.1880,21.2775,0.0264
2,l2,2,5.9197,6.9023,12.1880,21.2775,0.0264
2,l2,3,5.9197,6.9023,12.1880,21.2775,0.0264
2,l2,5,5.9197,6.9023,12.1880,21.2775,0.0264
2,l2,10,5.9197,6.9023,12.1880,21.2775,0.0264
2,l2,30,5.9197,6.9023,12.1880,21.2775,0.0264
2,huber,1,5.8122,6.7644,11.9827,21.3757,0.0184
2,huber,2,5.7954,6.7404,11.8786,21.2895,0.0161
2,huber,3,5.7922,6.7364,11.9589,21.2481,0.0184
2,huber,5,5.7920,6.7372,11.9809,21.2287,0.0184
2,huber,10,5.7925,6.7388,11.9823,21.2287,0.0184
2,huber,30,5.7926,6.7393,11.9823,21.2287,0.0184
2,cauchy,1,5.8177,6.7598,11.6797,21.6279,0.0218
2,cauchy,2,5.8009,6.7304,11.3864,21.5858,0.0207
2,cauchy,3,5.7970,6.7244,11.3039,21.6018,0.0207
2,cauchy,5,5.7960,6.7239,11.2781,21.5701,0.0218
2,cauchy,10,5.7986,6.7304,11.2612,21.5108,0.0218
2,cauchy,30,5.8066,6.7477,11.2592,21.5240,0.0218
3,l2,1,5.5071,6.3940,11.4903,18.9929,0.0138
3,l2,2,5.5071,6.3940,11.4903,18.9929,0.0138
3,l2,3,5.5071,6.3940,11.4903,18.9929,0.0138
3,l2,5,5.5071,6.3940,11.4903,18.9929,0.0138
3,l2,10,5.5071,6.3940,11.4903,18.9929,0.0138
3,l2,30,5.5071,6.3940,11.4903,18.9929,0.0138
3,huber,1,5.2235,6.0107,10.4022,17.8181,0.0092
3,huber,2,5.2788,6.0968,10.5829,18.8263,0.0103
3,huber,3,5.2960,6.1268,10.7262,19.1953,0.0115
3,huber,5,5.3068,6.1464,10.7498,19.4614,0.0115
3,huber,10,5.3105,6.1534,10.7479,19.5695,0.0115
3,huber,30,5.3108,6.1540,10.7477,19.5770,0.0115
3,cauchy,1,4.9306,5.7137,9.8996,18.9925,0.0080
3,cauchy,2,5.0980,5.8703,10.1268,18.7333,0.0080
3,cauchy,3,5.1927,5.9841,10.3342,19.1976,0.0080
3,cauchy,5,5.2561,6.0789,10.3758,20.2689,0.0103
3,cauchy,10,5.2777,6.1195,10.5230,20.8741,0.0126
3,cauchy,30,5.2792,6.1228,10.5158,20.9262,0.0138
10,l2,1,3.7029,4.2782,7.7249,11.1579,0.0000
10,l2,2,3.7029,4.2782,7.7249,11.1579,0.0000
10,l2,3,3.7029,4.2782,7.7249,11.1579,0.0000
10,l2,5,3.7029,4.2782,7.7249,11.1579,0.0000
10,l2,10,3.7029,4.2782,7.7249,11.1579,0.0000
10,l2,30,3.7029,4.2782,7.7249,11.1579,0.0000
10,huber,1,3.4068,3.8969,6.9044,9.4373,0.0000
10,huber,2,3.4563,3.9612,7.0346,9.9621,0.0000
10,huber,3,3.4654,3.9735,7.0803,10.0357,0.0000
10,huber,5,3.4681,3.9771,7.0908,10.0470,0.0000
10,huber,10,3.4684,3.9774,7.0915,10.0462,0.0000
10,huber,30,3.4684,3.9774,7.0915,10.0461,0.0000
10,cauchy,1,3.1052,3.5330,6.2989,7.7122,0.0000
10,cauchy,2,3.2875,3.7351,6.6429,8.4087,0.0000
10,cauchy,3,3.3382,3.7935,6.6895,8.6495,0.0000
10,cauchy,5,3.3631,3.8236,6.7159,8.8162,0.0000
10,cauchy,10,3.3673,3.8285,6.7188,8.8354,0.0000
10,cauchy,30,3.3675,3.8283,6.7202,8.8357,0.0000
20,l2,1,3.5273,4.1029,7.5080,10.9957,0.0000
20,l2,2,3.5273,4.1029,7.5080,10.9957,0.0000
20,l2,3,3.5273,4.1029,7.5080,10.9957,0.0000
20,l2,5,3.5273,4.1029,7.5080,10.9957,0.0000
20,l2,10,3.5273,4.1029,7.5080,10.9957,0.0000
20,l2,30,3.5273,4.1029,7.5080,10.9957,0.0000
20,huber,1,3.2342,3.7172,6.6040,9.0910,0.0000
20,huber,2,3.2789,3.7790,6.7286,9.6262,0.0000
20,huber,3,3.2864,3.7900,6.7478,9.7311,0.0000
20,huber,5,3.2885,3.7930,6.7541,9.7575,0.0000
20,huber,10,3.2887,3.7933,6.7545,9.7589,0.0000
20,huber,30,3.2887,3.7933,6.7545,9.7589,0.0000
20,cauchy,1,2.9045,3.3174,5.8911,7.4934,0.0000
20,cauchy,2,3.0669,3.5076,6.1782,8.0865,0.0000
20,cauchy,3,3.1093,3.5576,6.2761,8.3041,0.0000
20,cauchy,5,3.1273,3.5792,6.3262,8.4091,0.0000
20,cauchy,10,3.1304,3.5830,6.3357,8.4295,0.0000
20,cauchy,30,3.1305,3.5831,6.3357,8.4299,0.0000
