noise_model,outlier,window,kernel,mean_iter1_m,mean_iter30_m,diff_m,seeds_iter1_better,n_seeds,sign_test_p
gaussian,True,2,l2,9.7790,9.7790,-0.0000,0,30,1.863e-09
gaussian,True,2,huber,9.7790,9.7790,-0.0000,0,30,1.863e-09
gaussian,True,2,cauchy,9.7790,9.7790,0.0000,14,30,8.555e-01
gaussian,True,3,l2,9.2097,9.2097,-0.0000,0,30,1.863e-09
gaussian,True,3,huber,9.0565,9.0993,0.0428,20,30,9.874e-02
gaussian,True,3,cauchy,8.8597,9.1873,0.3276,29,30,5.774e-08
gaussian,True,10,l2,6.3757,6.3757,-0.0000,2,30,8.680e-07
gaussian,True,10,huber,5.6317,5.8489,0.2172,30,30,1.863e-09
gaussian,True,10,cauchy,5.0789,5.6806,0.6017,30,30,1.863e-09
gaussian,True,20,l2,5.8649,5.8649,-0.0000,2,30,8.680e-07
gaussian,True,20,huber,5.1012,5.2823,0.1811,29,30,5.774e-08
gaussian,True,20,cauchy,4.4714,4.8435,0.3721,30,30,1.863e-09
gaussian,False,2,l2,7.5019,7.5019,-0.0000,0,30,1.863e-09
gaussian,False,2,cauchy,7.5019,7.5019,-0.0000,12,30,3.616e-01
gaussian,False,3,l2,6.8637,6.8637,-0.0000,0,30,1.863e-09
gaussian,False,3,cauchy,6.7925,6.9425,0.1500,30,30,1.863e-09
gaussian,False,10,l2,4.4709,4.4709,-0.0000,6,30,1.431e-03
gaussian,False,10,cauchy,4.3012,4.6078,0.3066,30,30,1.863e-09
gaussian,False,20,l2,4.0774,4.0774,-0.0000,4,30,5.948e-05
gaussian,False,20,cauchy,3.8802,4.0881,0.2079,30,30,1.863e-09
